filename,type,title,date
contract_nda_001.txt,nda,Non-Disclosure Agreement,2025-08-26
contract_employment_002.txt,employment,Employment Agreement,2025-08-26
contract_nda_003.txt,nda,Non-Disclosure Agreement,2025-08-26
contract_employment_004.txt,employment,Employment Agreement,2025-08-26
contract_nda_005.txt,nda,Non-Disclosure Agreement,2025-08-26
contract_nda_006.txt,nda,Non-Disclosure Agreement,2025-08-26
contract_employment_007.txt,employment,Employment Agreement,2025-08-26
contract_nda_008.txt,nda,Non-Disclosure Agreement,2025-08-26
contract_employment_009.txt,employment,Employment Agreement,2025-08-26
contract_employment_010.txt,employment,Employment Agreement,2025-08-26
contract_nda_011.txt,nda,Non-Disclosure Agreement,2025-08-26
contract_employment_012.txt,employment,Employment Agreement,2025-08-26
contract_nda_013.txt,nda,Non-Disclosure Agreement,2025-08-26
contract_nda_014.txt,nda,Non-Disclosure Agreement,2025-08-26
contract_nda_015.txt,nda,Non-Disclosure Agreement,2025-08-26
contract_nda_016.txt,nda,Non-Disclosure Agreement,2025-08-26
contract_employment_017.txt,employment,Employment Agreement,2025-08-26
contract_employment_018.txt,employment,Employment Agreement,2025-08-26
contract_employment_019.txt,employment,Employment Agreement,2025-08-26
contract_employment_020.txt,employment,Employment Agreement,2025-08-26
contract_nda_021.txt,nda,Non-Disclosure Agreement,2025-08-26
contract_employment_022.txt,employment,Employment Agreement,2025-08-26
contract_nda_023.txt,nda,Non-Disclosure Agreement,2025-08-26
contract_nda_024.txt,nda,Non-Disclosure Agreement,2025-08-26
contract_employment_025.txt,employment,Employment Agreement,2025-08-26
contract_employment_026.txt,employment,Employment Agreement,2025-08-26
contract_nda_027.txt,nda,Non-Disclosure Agreement,2025-08-26
contract_nda_028.txt,nda,Non-Disclosure Agreement,2025-08-26
contract_employment_029.txt,employment,Employment Agreement,2025-08-26
contract_employment_030.txt,employment,Employment Agreement,2025-08-26
contract_employment_031.txt,employment,Employment Agreement,2025-08-26
contract_nda_032.txt,nda,Non-Disclosure Agreement,2025-08-26
contract_employment_033.txt,employment,Employment Agreement,2025-08-26
contract_nda_034.txt,nda,Non-Disclosure Agreement,2025-08-26
contract_employment_035.txt,employment,Employment Agreement,2025-08-26
contract_employment_036.txt,employment,Employment Agreement,2025-08-26
contract_nda_037.txt,nda,Non-Disclosure Agreement,2025-08-26
contract_nda_038.txt,nda,Non-Disclosure Agreement,2025-08-26
contract_employment_039.txt,employment,Employment Agreement,2025-08-26
contract_employment_040.txt,employment,Employment Agreement,2025-08-26
contract_employment_041.txt,employment,Employment Agreement,2025-08-26
contract_nda_042.txt,nda,Non-Disclosure Agreement,2025-08-26
contract_employment_043.txt,employment,Employment Agreement,2025-08-26
contract_nda_044.txt,nda,Non-Disclosure Agreement,2025-08-26
contract_employment_045.txt,employment,Employment Agreement,2025-08-26
contract_nda_046.txt,nda,Non-Disclosure Agreement,2025-08-26
contract_nda_047.txt,nda,Non-Disclosure Agreement,2025-08-26
contract_employment_048.txt,employment,Employment Agreement,2025-08-26
contract_employment_049.txt,employment,Employment Agreement,2025-08-26
contract_employment_050.txt,employment,Employment Agreement,2025-08-26
